c1	c2	c3	c4	c5	c6	c7	c8	clase
0.968047337278	541.0	17.0	2293.2203874	0.956568047337	226.0	5.0	1599.27956401	0
0.959644970414	724.0	19.0	3335.54136722	0.893905325444	305.0	6.0	2535.59731726	0
0.981893491124	640.0	17.0	3204.35186923	0.989881656805	332.0	6.0	2547.04901501	0
1.02905325444	269.0	7.0	707.128271065	1.03520710059	295.0	9.0	674.931304153	2
1.0375739645	523.0	18.0	2507.09520973	0.980473372781	173.0	4.0	2244.30978362	0
0.959822485207	715.0	20.0	3204.86603895	0.923727810651	269.0	5.0	2427.96129539	0
1.03319526627	373.0	12.0	1658.56803829	0.985207100592	255.0	7.0	1414.34364965	0
1.00384615385	114.0	5.0	533.780627187	1.04076923077	340.0	21.0	631.74058408	1
0.999171597633	123.0	4.0	1863.27370987	0.946390532544	234.0	9.0	2147.84438142	1
0.990355029586	276.0	6.0	1434.10569098	1.03047337278	282.0	7.0	1610.82684885	1
0.975384615385	127.0	5.0	910.882290536	0.932958579882	177.0	8.0	1094.29328153	1
0.907869822485	72.0	4.0	519.602983145	0.958106508876	205.0	15.0	715.157638244	1
1.00455621302	118.0	3.0	1331.50366631	0.952426035503	127.0	4.0	1377.32537557	1
0.99775147929	212.0	5.0	1158.71266298	0.901775147929	238.0	7.0	1422.84441161	1
1.09958579882	126.0	4.0	1526.09248335	1.01857988166	152.0	6.0	1681.02674857	1
1.00343195266	53.0	3.0	483.663619355	1.01710059172	157.0	9.0	783.294127643	1
0.985798816568	222.0	9.0	1306.97168284	1.00656804734	129.0	3.0	1194.73392968	0
0.973786982249	351.0	12.0	1908.94554303	0.977041420118	197.0	4.0	1713.30715511	0
0.894023668639	174.0	7.0	3112.09157237	0.993786982249	137.0	3.0	3042.08710173	0
1.0101183432	96.0	6.0	371.391689941	1.05928994083	42.0	3.0	289.338023529	0
0.886094674556	463.0	15.0	2485.59480675	0.999053254438	278.0	6.0	2202.91835679	0
0.960414201183	505.0	18.0	2225.97994083	1.06633136095	270.0	7.0	1912.46832631	0
1.02804733728	426.0	16.0	3087.54976272	1.03514792899	221.0	8.0	2829.42794719	0
1.08284023669	275.0	12.0	560.97951112	1.01946745562	64.0	4.0	396.293280806	0
0.905976331361	336.0	5.0	275.136149081	1.10816568047	335.0	5.0	258.958082963	0
0.939349112426	271.0	8.0	1605.69167492	0.986923076923	387.0	13.0	1810.33244291	1
1.00556213018	385.0	9.0	950.103007598	1.14923076923	588.0	21.0	1173.91738897	1
0.939822485207	273.0	9.0	1210.09889127	0.895976331361	237.0	9.0	1200.67495582	1
0.944674556213	361.0	5.0	222.562032968	1.01065088757	367.0	5.0	226.466649753	1
0.947514792899	224.0	6.0	1733.76597014	0.909467455621	357.0	12.0	2009.01829908	1
0.981538461538	219.0	6.0	284.364401425	0.915384615385	610.0	24.0	736.57581981	1
1.01360946746	143.0	5.0	479.200623294	1.02414201183	336.0	13.0	710.927619744	1
0.98325443787	355.0	6.0	147.374863692	1.02301775148	377.0	9.0	190.982856381	1
1.04094674556	406.0	9.0	1291.71626414	0.922721893491	349.0	9.0	1141.40379232	2
1.01402366864	665.0	13.0	2388.28236152	0.949053254438	372.0	7.0	1945.43289469	2
0.936213017751	512.0	12.0	796.999836403	1.04272189349	281.0	8.0	402.237075659	2
0.899585798817	370.0	6.0	167.322679122	0.91573964497	394.0	10.0	218.529567816	1
0.996863905325	436.0	11.0	2785.25242791	0.982130177515	257.0	8.0	2164.01981237	2
0.965443786982	638.0	14.0	3098.59276732	0.90573964497	295.0	7.0	2570.65561311	0
0.921775147929	865.0	18.0	1853.58779805	0.991952662722	342.0	7.0	716.851957565	0
0.976982248521	369.0	6.0	120.353720286	1.0024852071	399.0	10.0	174.956889363	1
0.96573964497	433.0	8.0	3237.95808795	0.938520710059	343.0	9.0	2720.66900533	2
0.894142011834	553.0	12.0	2870.68803872	1.02189349112	358.0	8.0	2468.78281019	2
0.967633136095	807.0	15.0	1481.04867692	0.997869822485	369.0	8.0	610.663001082	2
1.0550295858	362.0	6.0	78.5156236686	0.939467455621	381.0	10.0	122.817194675	1
1.03331360947	313.0	6.0	249.956449603	1.00355029586	467.0	13.0	547.396037516	1
0.920118343195	334.0	8.0	439.585071055	1.0024852071	345.0	10.0	366.766007279	1
0.979171597633	314.0	6.0	448.265167732	1.04088757396	339.0	10.0	493.243121302	1
0.955384615385	413.0	6.0	1643.50074164	0.957633136095	433.0	8.0	1873.30846706	1
0.947869822485	113.0	5.0	1310.27046382	0.950591715976	177.0	9.0	1584.16177095	1
0.91875739645	121.0	5.0	629.505781657	1.06426035503	202.0	10.0	845.019011026	2
1.00727810651	140.0	5.0	105.215151217	1.00579881657	150.0	5.0	143.202612552	0
0.918639053254	489.0	11.0	5833.22221722	0.969526627219	295.0	7.0	5222.90965588	2
0.979644970414	333.0	10.0	1602.09894708	0.986568047337	175.0	4.0	1159.62176095	0
1.04781065089	165.0	6.0	1427.82366392	1.09786982249	103.0	3.0	913.409101989	0
1.05597633136	117.0	6.0	1362.964009	0.999408284024	63.0	3.0	1183.23354147	0
0.970177514793	430.0	10.0	4661.58065054	0.94875739645	344.0	10.0	4765.70326494	2
0.920473372781	664.0	15.0	3348.88816008	1.03573964497	198.0	6.0	2279.02190818	0
1.09573964497	185.0	7.0	3515.25625148	1.00840236686	77.0	4.0	2972.19986059	0
0.950355029586	81.0	5.0	688.313695862	0.952130177515	50.0	3.0	574.998043664	2
0.981715976331	568.0	7.0	4030.67060003	0.981715976331	629.0	9.0	4652.94286207	1
1.0475739645	280.0	6.0	2951.39569789	1.06905325444	361.0	11.0	3486.45502722	1
0.997278106509	263.0	6.0	693.008717832	0.907810650888	368.0	12.0	1173.88849086	1
1.05029585799	154.0	5.0	665.092310756	0.985443786982	200.0	8.0	757.491028224	1
1.01195266272	355.0	6.0	32.501287574	0.987218934911	358.0	7.0	37.2756758657	1
0.91775147929	234.0	7.0	467.034172511	0.976272189349	574.0	22.0	784.792644865	1
0.994733727811	840.0	17.0	2111.56570288	0.932426035503	475.0	11.0	1848.67638322	0
1.07136094675	1223.0	24.0	4835.31831161	0.980769230769	523.0	7.0	4159.16851411	0
0.992840236686	325.0	5.0	25.400441161	1.02372781065	327.0	7.0	29.7883683169	2
0.974911242604	224.0	7.0	504.032860232	0.993727810651	630.0	24.0	872.669897118	1
0.977692307692	566.0	15.0	2257.27509112	1.05272189349	727.0	22.0	2359.25679913	2
1.0173964497	1308.0	27.0	3987.91064269	1.00153846154	311.0	8.0	3254.31548335	0
1.03585798817	313.0	5.0	83.5710279892	1.02911242604	318.0	7.0	88.786094391	1
0.938816568047	246.0	7.0	406.91817582	0.917159763314	721.0	25.0	842.478857249	1
0.944852071006	317.0	10.0	1540.68856572	0.921183431953	1592.0	42.0	2701.88418802	2
1.02224852071	250.0	10.0	2495.46288019	0.995088757396	939.0	28.0	3095.91244111	2
0.947692307692	364.0	5.0	72.5004392388	0.943668639053	370.0	7.0	77.9043521025	1
1.00532544379	207.0	6.0	598.535266731	0.875857988166	414.0	18.0	814.970515945	1
0.958816568047	165.0	8.0	1590.97122696	0.990414201183	1017.0	34.0	2304.72642379	1
0.982366863905	81.0	6.0	1700.84094869	1.0926035503	607.0	26.0	2006.58285391	1
1.01414201183	596.0	7.0	678.378854981	1.03183431953	861.0	13.0	1441.42500978	1
0.970118343195	315.0	7.0	3660.96924283	0.974970414201	1108.0	27.0	4820.0295907	1
0.937100591716	213.0	9.0	2011.37825393	0.971893491124	225.0	9.0	2023.07348797	0
0.995976331361	5.0	2.0	134.755306449	0.929171597633	35.0	5.0	163.295825675	2
0.933136094675	314.0	6.0	3131.58208935	0.965680473373	763.0	17.0	4117.44852071	1
0.926686390533	444.0	9.0	1534.08659107	0.961715976331	700.0	24.0	1798.73811724	1
0.97201183432	423.0	12.0	2396.97910329	0.951301775148	293.0	7.0	2155.32945722	0
1.07852071006	583.0	12.0	5239.90961877	0.975857988166	355.0	5.0	4933.64613358	0
0.955562130178	457.0	13.0	1535.8151187	0.993136094675	668.0	16.0	1739.65625799	2
0.992603550296	535.0	19.0	2165.45849676	1.03378698225	214.0	7.0	1655.78810942	0
1.0175739645	315.0	12.0	1444.64901544	0.967159763314	136.0	4.0	1369.62703492	0
0.974852071006	484.0	18.0	3025.02445207	1.00562130178	133.0	6.0	2428.11451173	0
0.965147928994	152.0	8.0	2838.51979222	0.903313609467	294.0	14.0	2960.47300754	2
1.02893491124	42.0	4.0	496.754325129	0.952721893491	251.0	18.0	696.7911057	1
1.04461538462	187.0	7.0	1107.33843528	0.920650887574	225.0	8.0	1129.26158693	0
0.914556213018	180.0	8.0	2601.65936382	1.03189349112	92.0	4.0	2443.63036667	0
0.947396449704	111.0	4.0	545.726217765	0.914852071006	1012.0	36.0	1451.96306817	1
0.994733727811	146.0	4.0	534.129544102	1.03213017751	1195.0	40.0	1600.67336697	1
0.946568047337	748.0	19.0	3267.21385841	0.984674556213	395.0	7.0	2400.07195538	0
0.97899408284	452.0	13.0	1845.14362067	1.02426035503	320.0	5.0	1461.05991238	0
0.944615384615	293.0	5.0	4938.09918149	0.988343195266	1705.0	42.0	6702.18943724	1
0.971952662722	67.0	4.0	1077.59363879	1.0349704142	1016.0	38.0	2068.37279794	1
1.02869822485	844.0	20.0	4072.60245037	0.956094674556	371.0	8.0	2886.88300828	0
0.98201183432	875.0	19.0	5369.74208918	0.948934911243	390.0	6.0	3997.52701402	0
0.960946745562	255.0	5.0	4795.75311989	1.04272189349	1361.0	37.0	6009.33649408	1
0.970236686391	134.0	4.0	1810.65302992	0.993846153846	1012.0	33.0	3002.96114352	1
0.966627218935	308.0	12.0	1686.31535429	0.986923076923	398.0	16.0	1635.9995223	2
0.951656804734	361.0	11.0	1400.48448116	0.923964497041	507.0	16.0	1355.78782299	2
1.0224260355	104.0	4.0	1587.78121669	0.987218934911	621.0	26.0	2301.29403692	1
0.994201183432	83.0	4.0	896.532665085	1.03786982249	746.0	30.0	1637.33697297	1
1.0401183432	100.0	4.0	418.131225531	0.960473372781	961.0	37.0	1284.77999859	1
0.997455621302	106.0	4.0	1460.48503517	0.925680473373	1237.0	40.0	2735.08871678	1
1.16425925926	83.0	1.0	530.671253695	1.16425925926	83.0	1.0	530.671253695	2
1.55611111111	633.0	7.0	2882.87077747	1.55611111111	633.0	7.0	2882.87077747	2
1.57453703704	399.0	9.0	871.996877778	1.46287037037	343.0	7.0	791.534083325	2
1.38324074074	510.0	21.0	2333.69857708	1.45638888889	134.0	7.0	1772.36339485	0
1.26861111111	336.0	5.0	3822.11353824	1.37157407407	515.0	11.0	4010.12399855	1
1.35388888889	436.0	9.0	995.653427563	1.31712962963	991.0	29.0	1479.19207733	1
1.45018518519	835.0	24.0	2460.061024	1.51851851852	645.0	21.0	2076.89894894	2
1.42064814815	652.0	27.0	3495.20459228	1.45342592593	83.0	6.0	2768.80118477	0
1.50083333333	429.0	7.0	1959.80110686	1.46259259259	571.0	13.0	2168.84808435	1
1.50805555556	236.0	9.0	473.788675849	1.48564814815	1218.0	42.0	1400.99128117	1
1.45953703704	654.0	23.0	2197.91237435	1.45611111111	1015.0	33.0	2648.48902585	1
1.37546296296	273.0	18.0	395.593648525	1.4337037037	183.0	13.0	334.174466358	0
1.51157407407	339.0	8.0	1155.40640946	1.5375	394.0	10.0	1298.03199969	2
1.40990740741	222.0	9.0	468.476258025	1.40907407407	684.0	24.0	1327.18004029	1
1.45601851852	215.0	16.0	1259.19351604	1.48037037037	364.0	22.0	1584.07861149	1
1.52185185185	249.0	20.0	233.565839472	1.52203703704	249.0	20.0	233.655810562	2
0.954023668639	107.0	6.0	797.014879731	0.951775147929	73.0	3.0	716.162068471	0
0.988047337278	260.0	5.0	2879.00664241	1.02088757396	245.0	3.0	2826.7707765	0
0.872071005917	389.0	7.0	313.399374378	1.03568047337	376.0	5.0	266.036146578	0
1.03544378698	422.0	9.0	97.6923276181	1.0101183432	406.0	6.0	64.5722160253	0
1.0749112426	482.0	12.0	1067.3748638	0.975917159763	419.0	5.0	950.927571598	0
0.998224852071	288.0	8.0	2759.6271616	0.966686390533	215.0	5.0	2590.07245011	0
0.921952662722	197.0	6.0	2091.53370336	0.987218934911	184.0	4.0	2034.17447087	0
0.943668639053	289.0	8.0	1153.26643037	0.989289940828	292.0	6.0	1197.89237106	0
0.968165680473	280.0	8.0	3203.68792485	0.963846153846	257.0	5.0	3095.92306405	0
0.918639053254	716.0	17.0	2621.07174599	0.958284023669	573.0	12.0	2350.52691397	0
0.920769230769	445.0	9.0	3130.22391141	1.00639053254	741.0	18.0	3265.9964254	2
1.03958579882	113.0	5.0	2051.10390105	0.998579881657	384.0	17.0	2273.74627456	1
0.967869822485	477.0	8.0	1896.44197101	1.00928994083	482.0	9.0	1864.74738029	2
0.97875739645	449.0	7.0	5719.40096513	0.965029585799	1026.0	24.0	7025.24942621	1
0.971715976331	197.0	7.0	3359.8222811	0.997396449704	985.0	27.0	4454.97869717	1
0.915976331361	85.0	5.0	1008.51536037	1.02662721893	398.0	17.0	1304.49841006	1
1.03479289941	853.0	12.0	4106.02117775	0.981715976331	720.0	10.0	3008.40131438	2
0.954911242604	312.0	7.0	3141.70399937	1.0150295858	679.0	22.0	3809.26299153	1
0.930828402367	788.0	10.0	6518.77195266	0.935976331361	893.0	17.0	6369.49260223	2
0.972781065089	806.0	10.0	3862.63489868	0.954201183432	773.0	11.0	2749.67691121	2
0.934615384615	446.0	6.0	1520.14194734	0.963905325444	540.0	13.0	1725.23476209	1
0.959822485207	374.0	10.0	4386.97312216	0.960177514793	693.0	22.0	4435.81517234	2
1.07112426036	672.0	8.0	4040.98995784	0.995443786982	688.0	13.0	3493.5805087	2
1.01207100592	606.0	9.0	2692.38381478	0.872899408284	555.0	10.0	1923.50040327	0
0.941893491124	498.0	10.0	3382.21869586	0.915325443787	473.0	12.0	2809.88845299	2
1.03650887574	345.0	7.0	2215.0652517	0.900650887574	882.0	24.0	3118.38626651	1
0.956863905325	419.0	8.0	2038.07270296	1.01899408284	486.0	13.0	1678.23606462	2
0.98650887574	282.0	8.0	3653.10055399	1.0474556213	262.0	10.0	3221.23313013	2
0.954319526627	255.0	5.0	1178.79100203	1.00278106509	464.0	15.0	1541.9839266	1
0.922485207101	261.0	8.0	2180.17831833	0.912781065089	716.0	22.0	2683.80419135	2
0.996568047337	283.0	7.0	1659.13984544	0.959763313609	312.0	11.0	1423.628872	2
0.989112426036	150.0	5.0	727.809522132	1.02171597633	201.0	9.0	672.138394072	1
0.541458333333	2.0	0.0	1.7182344223	0.526692708333	2.0	0.0	1.57185447846	2
0.551171875	1.0	0.0	0.689006591119	0.565286458333	1.0	0.0	0.766718750001	2
0.527643229167	7.0	0.0	47.3456221475	0.509557291667	9.0	0.0	52.5786401284	2
0.547213541667	50.0	2.0	204.45939707	0.511940104167	65.0	5.0	234.732292315	1
0.5098828125	1.0	0.0	1.10713116048	0.510625	1.0	0.0	1.09254334242	2
0.526158854167	65.0	1.0	1970.95906141	0.560950520833	83.0	1.0	1982.0431026	1
0.526731770833	79.0	2.0	3112.07995654	0.544166666667	106.0	3.0	3154.3099057	1
0.536067708333	107.0	3.0	1688.65233333	0.536236979167	137.0	5.0	1729.32249115	1
0.525611979167	1.0	0.0	0.977543486871	0.540377604167	1.0	0.0	1.04378248427	2
0.5405078125	162.0	3.0	5162.48620422	0.52828125	158.0	3.0	5154.9222623	0
0.550299479167	189.0	4.0	4590.89840817	0.514440104167	201.0	5.0	4651.77819414	2
0.5005859375	193.0	5.0	2509.95162288	0.5268359375	205.0	5.0	2540.17957803	2
0.578997395833	1.0	0.0	1.21299165582	0.534609375	1.0	0.0	1.27318079359	2
0.521731770833	175.0	5.0	4929.92919609	0.533671875	149.0	3.0	4920.65944769	0
0.535598958333	264.0	6.0	6287.15247183	0.504479166667	189.0	4.0	6018.83050773	0
0.526653645833	241.0	6.0	6065.50046556	0.551236979167	187.0	4.0	5891.61576374	0
1.00124260355	304.0	6.0	738.200979696	0.971183431953	361.0	10.0	889.481750537	1
1.00366863905	247.0	7.0	1236.71917066	0.977100591716	443.0	17.0	1557.19736162	1
1.0125443787	352.0	7.0	2682.83405715	0.971301775148	635.0	17.0	3392.92828238	1
0.947692307692	44.0	3.0	294.668154655	0.891360946746	116.0	10.0	378.154467487	1
0.867633136095	460.0	11.0	726.344819859	0.972603550296	466.0	10.0	720.845783309	2
0.894852071006	515.0	15.0	1753.93542648	0.948284023669	435.0	10.0	1645.26339544	0
1.01130177515	579.0	20.0	3760.18747359	1.00846153846	270.0	10.0	3244.40964698	0
0.992366863905	566.0	19.0	2828.27313854	0.921775147929	212.0	7.0	2364.59771997	0
1.00869822485	506.0	8.0	1617.251793	0.987928994083	481.0	7.0	1439.33225818	0
0.994792899408	426.0	15.0	3441.84222127	1.03781065089	271.0	6.0	3105.49754119	0
1.03857988166	377.0	17.0	1116.89174966	1.02562130178	128.0	5.0	792.8195237	0
0.882899408284	489.0	19.0	1779.74462315	0.99224852071	128.0	6.0	1283.24021757	0
0.997337278107	388.0	6.0	505.866522079	0.987159763314	467.0	10.0	585.008879868	1
0.947869822485	293.0	9.0	1798.70502946	1.01017751479	346.0	14.0	1798.47302432	2
1.04325443787	89.0	5.0	418.526079913	1.0124852071	185.0	14.0	513.149289853	1
0.959112426036	120.0	5.0	1527.96765136	1.05840236686	283.0	16.0	1703.43366841	1
1.07165680473	685.0	14.0	2193.37362998	1.0149704142	1245.0	26.0	2555.98862778	2
1.01153846154	436.0	18.0	2418.32709472	1.0775147929	389.0	12.0	2422.52301929	0
0.955798816568	324.0	16.0	1238.46874689	1.14639053254	348.0	13.0	1235.39166072	0
0.971538461538	231.0	14.0	1576.38524637	0.991479289941	305.0	11.0	1577.01444438	0
0.939408284024	476.0	10.0	1531.0793309	0.92349112426	1444.0	36.0	2222.3641674	1
1.02556213018	687.0	18.0	2303.58212744	0.989467455621	1233.0	27.0	2782.31363713	2
0.986982248521	449.0	23.0	2270.12553827	0.959763313609	249.0	11.0	2124.95327859	2
0.953195266272	253.0	17.0	483.428819803	0.97	123.0	7.0	391.295055621	0
0.937041420118	1165.0	24.0	3388.47996166	1.01650887574	1836.0	35.0	3838.01833164	2
0.912840236686	624.0	21.0	2322.97252002	0.88550295858	384.0	13.0	2139.13593542	0
1.01674556213	502.0	20.0	3606.44651903	1.05668639053	359.0	12.0	3562.47086955	0
0.923136094675	241.0	16.0	1338.89314748	0.894970414201	115.0	7.0	1250.55517671	0
1.01343195266	583.0	13.0	1795.74566892	1.02544378698	1661.0	43.0	2381.39327641	1
0.92899408284	651.0	17.0	3484.89394101	0.96550295858	1465.0	36.0	4035.13862922	2
1.00218934911	479.0	15.0	2653.95796836	0.975857988166	835.0	24.0	3092.0190354	2
0.913136094675	312.0	17.0	1526.49163228	0.965621301775	383.0	14.0	1535.93194587	0
1.07165680473	685.0	14.0	2193.37362998	1.0149704142	1245.0	26.0	2555.98862778	2
1.01153846154	436.0	18.0	2418.32709472	1.0775147929	389.0	12.0	2422.52301929	0
0.955798816568	324.0	16.0	1238.46874689	1.14639053254	348.0	13.0	1235.39166072	0
0.971538461538	231.0	14.0	1576.38524637	0.991479289941	305.0	11.0	1577.01444438	0
0.939408284024	476.0	10.0	1531.0793309	0.92349112426	1444.0	36.0	2222.3641674	1
1.02556213018	687.0	18.0	2303.58212744	0.989467455621	1233.0	27.0	2782.31363713	2
0.986982248521	449.0	23.0	2270.12553827	0.959763313609	249.0	11.0	2124.95327859	2
0.953195266272	253.0	17.0	483.428819803	0.97	123.0	7.0	391.295055621	0
0.937041420118	1165.0	24.0	3388.47996166	1.01650887574	1836.0	35.0	3838.01833164	2
0.912840236686	624.0	21.0	2322.97252002	0.88550295858	384.0	13.0	2139.13593542	0
1.01674556213	502.0	20.0	3606.44651903	1.05668639053	359.0	12.0	3562.47086955	0
0.923136094675	241.0	16.0	1338.89314748	0.894970414201	115.0	7.0	1250.55517671	0
1.01343195266	583.0	13.0	1795.74566892	1.02544378698	1661.0	43.0	2381.39327641	1
0.92899408284	651.0	17.0	3484.89394101	0.96550295858	1465.0	36.0	4035.13862922	2
1.00218934911	479.0	15.0	2653.95796836	0.975857988166	835.0	24.0	3092.0190354	2
0.913136094675	312.0	17.0	1526.49163228	0.965621301775	383.0	14.0	1535.93194587	0
0.918639053254	800.0	16.0	4253.15726599	1.01520710059	242.0	4.0	3417.46536114	0
0.98	631.0	20.0	2335.5732877	0.893609467456	115.0	4.0	1537.75746726	0
1.07946745562	963.0	26.0	2830.34998074	0.977041420118	109.0	4.0	1828.5379955	0
1.04804733728	708.0	18.0	2899.39039689	0.99674556213	296.0	4.0	2268.33172024	0
0.886686390533	1846.0	27.0	8651.71942377	0.958934911243	507.0	7.0	6783.20130408	0
0.944970414201	1595.0	37.0	4529.31015148	0.992662721893	180.0	8.0	2311.13331053	0
0.97	2348.0	46.0	3696.04277475	0.994792899408	230.0	8.0	1644.07657456	0
0.973372781065	1684.0	33.0	5448.2896557	0.890295857988	477.0	7.0	3280.33837141	0
0.985562130178	229.0	5.0	491.358790953	0.945857988166	327.0	9.0	911.768722982	1
0.932840236686	48.0	3.0	353.217962463	0.99550295858	275.0	17.0	618.923398939	1
1.01029585799	93.0	3.0	464.137000959	0.995207100592	458.0	20.0	958.029861643	1
0.984319526627	112.0	3.0	25.8966887574	0.947455621302	279.0	19.0	155.747766031	1
1.02591715976	212.0	5.0	1976.79397815	0.958579881657	344.0	10.0	2468.32887014	1
0.985798816568	65.0	3.0	400.522570092	1.02331360947	426.0	21.0	849.342825794	1
0.972130177515	113.0	3.0	790.430704426	1.00863905325	524.0	20.0	1366.9143707	1
1.03130177515	126.0	4.0	13.3578186478	0.970414201183	302.0	19.0	142.857573964	1
1.01562130178	1108.0	38.0	1255.91268548	0.995621301775	457.0	13.0	729.402304608	0
1.00810650888	1073.0	39.0	1086.77250651	0.97798816568	387.0	13.0	532.671639312	0
1.0426035503	989.0	38.0	1038.69739639	1.00485207101	304.0	12.0	523.584711936	0
1.00461538462	912.0	37.0	964.191580473	0.96775147929	243.0	10.0	451.601584241	0
0.946982248521	767.0	20.0	2086.75390296	0.946213017751	2918.0	63.0	3575.08111513	1
0.928284023669	612.0	19.0	2155.67704496	1.03573964497	1956.0	47.0	3205.01149737	1
1.04633136095	601.0	23.0	1537.35345276	0.956035502959	849.0	27.0	1961.75229905	2
0.99798816568	668.0	30.0	655.549840678	0.927633136095	251.0	12.0	371.063508907	0
0.962307692308	752.0	23.0	4209.58543004	0.942840236686	1878.0	41.0	4508.79736107	2
0.935088757396	690.0	23.0	4375.93505488	1.0049704142	1613.0	34.0	4665.63720414	2
0.882899408284	447.0	22.0	2311.72389321	1.05360946746	521.0	20.0	2244.69935331	2
0.966153846154	542.0	29.0	1299.01250775	0.979349112426	206.0	11.0	1040.2211984	0
0.929112426036	562.0	23.0	1527.69642582	0.998816568047	230.0	6.0	1095.57813451	0
1.01899408284	720.0	29.0	1501.52820624	0.821597633136	214.0	7.0	974.769255572	0
0.963668639053	894.0	35.0	1865.16076154	0.974733727811	257.0	7.0	1316.25802948	0
0.968579881657	860.0	34.0	1140.80950839	0.995562130178	240.0	6.0	634.187436728	0
0.848224852071	475.0	7.0	1853.76661775	1.03366863905	547.0	11.0	1983.47552318	1
0.889644970414	457.0	9.0	5397.39391014	1.0200591716	510.0	13.0	5360.69449339	1
0.935207100592	646.0	16.0	6540.13516701	0.880828402367	508.0	13.0	6047.94544945	2
0.980414201183	437.0	13.0	5013.34776114	1.07366863905	1743.0	37.0	6311.27543064	2
0.983076923077	332.0	7.0	1582.09721529	0.922544378698	1452.0	32.0	2554.44567583	1
0.964142011834	384.0	9.0	2008.35957641	0.935917159763	251.0	8.0	1819.61047687	2
0.98325443787	448.0	15.0	3811.30990924	0.97775147929	200.0	6.0	3351.64897614	0
0.966686390533	507.0	17.0	2683.33772575	1.00224852071	708.0	16.0	2615.54148556	0
0.978579881657	524.0	8.0	1670.17111656	0.965443786982	1823.0	35.0	2950.53539118	1
1.0301183432	163.0	5.0	979.459222475	0.899053254438	1208.0	31.0	1808.84245648	1
0.893964497041	355.0	5.0	1780.13069842	0.994201183432	946.0	23.0	2239.26624926	1
0.96426035503	332.0	7.0	3556.54050579	0.96798816568	2721.0	56.0	6143.64342723	1
1.01431952663	564.0	7.0	625.810070274	0.884852071006	760.0	14.0	777.053012976	1
1.02828402367	531.0	7.0	1656.40687747	1.02881656805	1723.0	37.0	2939.14091046	1
0.934142011834	590.0	8.0	2256.30245586	0.991183431953	1779.0	33.0	3742.20691775	1
0.949822485207	513.0	8.0	4144.70966785	1.11615384615	1636.0	28.0	6432.94517087	1
0.952426035503	189.0	3.0	69.8334452575	0.980710059172	193.0	5.0	71.060545163	2
0.895147928994	123.0	5.0	1615.28817501	1.01550295858	561.0	25.0	1937.60071776	1
0.937159763314	267.0	12.0	1129.71337532	0.981360946746	173.0	9.0	925.496905917	2
0.900355029586	76.0	5.0	268.622179822	0.870473372781	16.0	2.0	216.693334911	0
0.940473372781	318.0	5.0	296.182335016	0.850828402367	319.0	6.0	266.644410336	0
0.963786982249	473.0	17.0	2949.61187108	0.98	547.0	18.0	2764.63560941	2
0.998047337278	815.0	27.0	1737.82322976	0.998816568047	147.0	5.0	859.389021407	0
0.941656804734	400.0	10.0	2156.612353	1.02520710059	263.0	5.0	1724.00544379	0
0.964142011834	287.0	4.0	394.509464917	0.976094674556	339.0	7.0	484.722286979	1
1.01142011834	249.0	9.0	3254.40356212	0.961893491124	1235.0	35.0	4467.40666036	1
0.924378698225	923.0	28.0	2732.16166127	1.01384615385	259.0	5.0	1839.35559758	0
0.921124260355	622.0	11.0	6098.83481381	0.929763313609	595.0	10.0	5869.48790825	2
1.07834319527	271.0	4.0	104.403793761	0.947100591716	276.0	6.0	105.349867788	2
1.02266272189	353.0	6.0	2062.94358866	0.925621301775	1157.0	30.0	2741.90376422	1
0.984082840237	640.0	21.0	6010.01046567	0.988639053254	224.0	13.0	5437.51844402	0
1.0224260355	682.0	10.0	8505.43938731	1.02159763314	848.0	17.0	8703.03119892	1
0.95224852071	339.0	14.0	5544.79385538	0.980295857988	254.0	11.0	5425.75201434	0
0.944319526627	355.0	15.0	720.115829712	1.00526627219	221.0	10.0	653.595547061	0
1.04692307692	263.0	9.0	2913.5285445	0.931597633136	273.0	9.0	2890.68977278	0
0.933076923077	432.0	10.0	1159.40227884	1.00597633136	683.0	28.0	1279.40740328	1
0.866153846154	509.0	10.0	3662.5606857	0.954201183432	476.0	9.0	3615.84156754	2
0.970414201183	474.0	13.0	4437.45597656	0.983195266272	438.0	11.0	4448.39136331	0
0.965384615385	266.0	13.0	861.384043062	1.01455621302	171.0	8.0	795.959041613	0
1.01485207101	824.0	23.0	2532.71706852	0.938816568047	573.0	17.0	2357.44316446	0
0.969881656805	458.0	6.0	501.334236235	1.02976331361	526.0	9.0	587.848065418	1
0.974852071006	157.0	6.0	1101.85445256	0.943727810651	298.0	17.0	1209.22234451	1
0.919408284024	640.0	11.0	4154.3195675	1.00372781065	727.0	16.0	4251.57231252	2
1.00082840237	795.0	15.0	6447.6843523	0.903136094675	805.0	14.0	6383.70728973	0
0.966982248521	311.0	6.0	1893.47792677	0.991479289941	439.0	11.0	2075.99313865	1
0.934852071006	117.0	5.0	302.863494482	0.973431952663	244.0	17.0	419.500541634	1
1.01810650888	451.0	7.0	634.87781132	0.87550295858	646.0	22.0	770.8154458	1
1.0700591716	445.0	12.0	929.630313431	0.963017751479	915.0	35.0	1184.79341626	1
0.929822485207	261.0	7.0	477.980521169	0.978579881657	239.0	5.0	399.597438269	0
1.00573964497	202.0	6.0	255.197409821	0.875857988166	198.0	5.0	209.810734425	0
1.05710059172	129.0	5.0	478.133755835	0.988165680473	122.0	4.0	436.464626505	0
0.949940828402	88.0	5.0	146.338671769	0.874378698225	78.0	3.0	122.179630192	0
1.01485207101	485.0	12.0	998.386368741	1.03094674556	410.0	7.0	823.859396418	0
0.952721893491	210.0	7.0	568.99153426	0.954437869822	202.0	5.0	494.344372603	0
1.00455621302	180.0	8.0	680.203014096	0.982603550296	160.0	4.0	649.668703235	0
1.02846153846	176.0	11.0	329.182601856	1.00372781065	131.0	4.0	302.7569162	0
1.03420118343	429.0	9.0	1351.53472347	0.978402366864	1616.0	44.0	2768.40766701	1
1.09100591716	418.0	9.0	1915.22776604	0.950295857988	610.0	15.0	2562.4016518	2
0.980414201183	314.0	9.0	959.411880323	1.11615384615	296.0	7.0	938.522568552	0
0.948165680473	136.0	10.0	504.487526571	0.927633136095	103.0	5.0	483.562080022	0
1.02940828402	446.0	9.0	1258.25762211	1.00384615385	962.0	23.0	1789.74682215	2
0.867396449704	692.0	10.0	2403.00639237	0.933017751479	690.0	9.0	2377.90143822	0
0.964023668639	426.0	9.0	2550.00697127	1.09213017751	421.0	8.0	2479.31378424	0
1.06633136095	343.0	8.0	3044.8126671	1.00881656805	378.0	10.0	3157.27677077	2
1.05857988166	430.0	6.0	765.529514691	0.985562130178	1306.0	30.0	2237.08114244	1
0.985857988166	331.0	7.0	1784.15924444	1.05781065089	945.0	26.0	2801.10946005	1
0.886686390533	300.0	8.0	567.637460369	0.95	357.0	9.0	632.294636781	2
0.984023668639	341.0	7.0	1713.64809768	0.961479289941	323.0	6.0	1410.59883528	0
0.992189349112	421.0	7.0	2216.93097122	1.02928994083	1272.0	31.0	3757.4981129	1
0.985443786982	310.0	7.0	1529.42339533	0.934733727811	596.0	17.0	1789.8392492	2
1.03532544379	306.0	8.0	852.969071738	1.06976331361	331.0	8.0	827.964555621	2
0.947337278107	410.0	8.0	1614.12026576	1.03213017751	398.0	6.0	1310.29995923	0
0.961893491124	278.0	6.0	2383.10641765	1.02207100592	820.0	26.0	3106.90032751	1
0.988165680473	282.0	6.0	2443.53373852	0.950177514793	1104.0	30.0	3810.93843604	1
1.00692307692	369.0	9.0	627.94245816	0.989408284024	470.0	12.0	754.472473915	2
0.939585798817	388.0	9.0	1394.70707598	0.929881656805	356.0	7.0	1147.78687797	0
0.92798816568	180.0	4.0	842.297771153	0.910414201183	455.0	17.0	1392.31872849	1
0.939585798817	265.0	6.0	898.077328889	0.969822485207	1306.0	34.0	2364.12703004	1
1.03029585799	434.0	10.0	603.232393162	0.939704142012	478.0	12.0	598.223993176	2
0.942485207101	285.0	7.0	1434.91345545	1.02366863905	268.0	6.0	1091.11425503	0
1.07053254438	469.0	7.0	6149.80021898	0.990532544379	644.0	11.0	6665.59650704	1
0.864437869822	75.0	5.0	5204.09850483	0.98875739645	279.0	11.0	5316.89591953	2
0.900414201183	71.0	4.0	1887.32382411	0.93798816568	202.0	8.0	2095.20649732	1
0.962307692308	25.0	3.0	222.218066048	0.892899408284	37.0	4.0	248.532715168	1
1.03822485207	248.0	6.0	8441.39218698	1.02130177515	309.0	8.0	8590.16611974	1
0.999644970414	105.0	4.0	544.703043787	0.977573964497	97.0	5.0	553.125823112	1
0.936449704142	23.0	2.0	209.14718797	0.975680473373	58.0	4.0	246.168410528	1
1.02065088757	46.0	3.0	141.862797507	0.975088757396	116.0	6.0	208.837459231	1
1.06124260355	222.0	11.0	2673.50573816	1.03207100592	164.0	6.0	2617.39778695	0
0.94798816568	180.0	9.0	995.891631312	0.947337278107	119.0	4.0	902.539943318	0
0.957692307692	160.0	8.0	787.98058534	0.986804733728	177.0	6.0	838.119002763	0
0.957455621302	139.0	8.0	1320.58709708	1.01355029586	130.0	5.0	1324.90327809	0
0.946863905325	188.0	11.0	773.045564735	1.01189349112	128.0	4.0	674.621735289	0
0.986568047337	232.0	9.0	282.582109254	0.929585798817	211.0	4.0	259.386642821	0
0.986804733728	167.0	8.0	204.183167942	0.976982248521	149.0	4.0	180.762826494	0
0.961597633136	80.0	7.0	289.493057792	1.03230769231	67.0	3.0	276.335894051	0
0.534934895833	4.0	0.0	4.94447758722	0.53953125	5.0	0.0	4.98581618856	2
0.503776041667	21.0	1.0	368.801155392	0.538463541667	35.0	1.0	412.858480354	1
0.499114583333	59.0	1.0	849.590918965	0.543671875	64.0	2.0	878.360129187	1
0.552044270833	284.0	4.0	817.911007788	0.560546875	371.0	11.0	963.142237486	1
0.5595703125	36.0	1.0	241.358605631	0.557799479167	40.0	1.0	236.586599845	1
0.5476171875	69.0	3.0	1570.97005664	0.564283854167	252.0	8.0	1729.11095133	1
0.541588541667	275.0	3.0	6221.41384922	0.505729166667	297.0	5.0	6314.21150052	2
0.4237890625	394.0	6.0	2386.42879381	0.416432291667	331.0	7.0	2175.14587663	2
0.500286458333	132.0	2.0	4025.63615824	0.523072916667	171.0	4.0	3872.37528747	1
0.532109375	65.0	3.0	1012.39730404	0.498828125	181.0	6.0	1402.94529136	1
0.541080729167	197.0	3.0	7224.1211882	0.536770833333	189.0	4.0	7258.80109965	2
0.505911458333	325.0	4.0	6021.63118727	0.430533854167	353.0	6.0	5971.4390891	2
0.529309895833	57.0	1.0	2654.42109928	0.531692708333	92.0	3.0	2703.09278871	2
0.522486979167	29.0	2.0	885.133978776	0.488815104167	113.0	5.0	1174.05975359	1
0.532578125	56.0	2.0	1977.73325129	0.557734375	79.0	3.0	1833.30885193	1
0.500611979167	222.0	4.0	4243.11432956	0.555013020833	326.0	9.0	4245.15348225	1
0.929585798817	251.0	5.0	214.270822489	0.96100591716	320.0	10.0	363.448190088	1
0.881538461538	172.0	4.0	507.065850579	0.978343195266	331.0	12.0	773.951913067	1
0.921301775148	342.0	6.0	2149.12707559	0.987573964497	464.0	12.0	2349.56416127	1
1.00763313609	1210.0	23.0	1945.48403627	1.02573964497	739.0	8.0	1263.28130702	0
0.91349112426	326.0	6.0	645.050962207	1.03130177515	597.0	16.0	1387.1609711	1
1.02289940828	221.0	5.0	62.8852389307	0.940236686391	257.0	9.0	126.200616099	1
0.954556213018	1311.0	19.0	4336.11932793	1.05544378698	753.0	10.0	3684.47047798	0
0.992130177515	998.0	14.0	780.250627163	0.932781065089	741.0	7.0	101.405183919	0
1.02639053254	363.0	6.0	640.811893491	0.97	652.0	17.0	1488.55877846	1
0.98573964497	582.0	7.0	627.779179059	0.940414201183	629.0	12.0	755.568678071	1
0.979644970414	1311.0	22.0	1785.00939845	0.990946745562	755.0	8.0	521.924030233	0
0.97349112426	1174.0	17.0	2175.49600889	0.945443786982	742.0	8.0	380.217798312	0
1.08798816568	445.0	6.0	884.824265996	0.986923076923	676.0	16.0	1684.20768347	1
0.955917159763	434.0	8.0	1526.01285659	1.00692307692	564.0	15.0	1840.65009086	1
1.00863905325	895.0	12.0	660.461350691	0.98573964497	757.0	7.0	405.879115871	0
0.981301775148	821.0	10.0	663.122769773	0.887692307692	717.0	7.0	126.329863419	0
0.54265625	14.0	0.0	259.168159177	0.539583333333	13.0	0.0	262.849847917	2
0.514361979167	314.0	3.0	7138.54400315	0.493411458333	389.0	6.0	7510.54435851	1
0.539231770833	689.0	16.0	940.8717618	0.508125	499.0	11.0	495.822681721	0
0.527018229167	191.0	3.0	6595.30962672	0.508763020833	179.0	3.0	6332.69326758	0
0.526640625	14.0	0.0	311.033715972	0.509049479167	14.0	0.0	315.022205009	2
0.573776041667	287.0	4.0	6664.83854454	0.475833333333	442.0	9.0	7142.7459722	1
0.521458333333	797.0	19.0	966.942165233	0.535716145833	550.0	12.0	518.39157551	0
0.517682291667	210.0	4.0	6104.50167067	0.5439453125	184.0	3.0	5828.32230849	0
0.531119791667	23.0	1.0	995.479528408	0.517786458333	26.0	1.0	1157.69988107	2
0.537903645833	269.0	4.0	7027.94405511	0.553229166667	385.0	7.0	7420.52146215	1
0.560416666667	799.0	18.0	933.283939677	0.529466145833	560.0	12.0	558.575442862	0
0.5347265625	193.0	3.0	5604.8463423	0.550455729167	186.0	3.0	5373.81472272	0
0.495442708333	11.0	1.0	547.756409309	0.535286458333	14.0	1.0	679.826010318	2
0.552369791667	199.0	3.0	6748.97534464	0.5444140625	239.0	5.0	7067.30916584	1
0.530416666667	674.0	15.0	792.43646774	0.5358984375	526.0	12.0	563.822029937	0
0.52453125	160.0	4.0	6733.81780045	0.531015625	151.0	3.0	6432.29379693	0
1.5	0.0	0.0	0.368463863832	2.17770034843	1.0	0.0	0.904773033544	2
3.02723214286	2029.0	36.0	5255.96191327	3.10178571429	731.0	8.0	4221.68896684	0
3.12151567944	1009.0	15.0	18.4415579587	2.86106271777	978.0	13.0	9.1615912464	2
3.34241071429	2276.0	49.0	684.980094866	3.096875	974.0	14.0	30.8351530612	0
2.46427043218	42.0	1.0	98.5449152066	2.38767650834	178.0	5.0	235.111870966	2
3.30614035088	1934.0	33.0	5033.47421053	3.28421052632	773.0	10.0	4011.15945214	0
3.0945656825	1000.0	14.0	11.8651808665	2.75181857082	947.0	12.0	13.6713167956	2
3.83421052632	1959.0	41.0	567.100492267	2.89824561404	959.0	13.0	25.0886080332	0
3.07926829268	31.0	3.0	96.2280012429	3.0100174216	103.0	7.0	139.925947376	2
3.21294642857	276.0	9.0	1040.06493124	3.34375	1096.0	27.0	1650.00756936	1
2.98693379791	288.0	10.0	1341.44757566	2.9181184669	513.0	23.0	1242.05566339	2
3.15625	349.0	10.0	1375.3746873	3.07723214286	138.0	7.0	1003.42432956	2
2.73649825784	21.0	2.0	0.953693136981	2.86977351916	21.0	2.0	2.67606271018	2
3.13616071429	178.0	6.0	774.824049546	3.06517857143	1155.0	27.0	1560.30836555	1
3.18510452962	35.0	4.0	86.4292869587	3.15026132404	614.0	26.0	557.899109305	1
3.64241071429	54.0	3.0	64.7224489796	3.00625	51.0	4.0	51.5136407844	2
0.513854166667	1.0	0.0	1.41866424137	0.516783854167	2.0	0.0	1.94274986369	2
0.526549479167	48.0	0.0	976.333987302	0.563997395833	54.0	1.0	1006.35543559	2
0.5287109375	101.0	1.0	2319.01801647	0.533203125	112.0	1.0	2385.15771248	1
0.568346354167	116.0	3.0	959.377692137	0.5589453125	130.0	4.0	1007.1633292	1
0.532044270833	1.0	0.0	1.02049185927	0.508385416667	1.0	0.0	1.02379409722	2
0.530690104167	135.0	2.0	4523.58051783	0.512955729167	170.0	3.0	4819.33740892	1
0.510325520833	197.0	5.0	757.442951611	0.508763020833	263.0	7.0	952.597686356	1
0.522916666667	164.0	5.0	210.119853776	0.5433203125	188.0	6.0	276.742447133	1
0.54203125	316.0	5.0	10967.9820561	0.495716145833	264.0	3.0	11151.5528001	0
0.546549479167	245.0	6.0	4068.13224153	0.504765625	219.0	5.0	4043.40828246	0
0.5374609375	281.0	7.0	3594.72814555	0.5308984375	238.0	5.0	3493.26419701	0
0.541953125	366.0	9.0	2092.48840257	0.519114583333	322.0	6.0	1975.85991038	0
0.504127604167	104.0	3.0	4898.07006304	0.535677083333	74.0	2.0	4974.68542031	0
0.529830729167	105.0	3.0	3672.10923055	0.542252604167	91.0	2.0	3780.57261436	0
0.534270833333	123.0	5.0	5409.37111646	0.51796875	78.0	3.0	5481.78975948	0
0.535026041667	202.0	6.0	4192.35166302	0.550924479167	197.0	6.0	4318.48092008	0
3.186875	1061.0	18.0	65.6235484375	3.435	1050.0	16.0	44.11094375	2
2.436875	969.0	15.0	84.6730484375	3.32875	967.0	15.0	89.96135	2
3.17	1761.0	20.0	1778.10394375	3.3025	2049.0	28.0	2075.49736094	2
3.41125	868.0	16.0	163.257437109	3.28125	994.0	19.0	300.12974375	2
3.294375	999.0	17.0	120.038405859	3.255625	987.0	16.0	95.7151714844	2
3.190625	1479.0	19.0	845.98224375	3.07	1666.0	25.0	1039.18799375	1
2.871875	1233.0	22.0	3360.50062148	3.174375	1646.0	31.0	3776.99412344	1
3.405625	852.0	17.0	725.3004	3.279375	1097.0	25.0	1122.90932773	1
3.015	925.0	17.0	242.09694375	3.451875	914.0	16.0	198.486835938	2
2.80125	1109.0	18.0	492.179140234	3.415625	1155.0	19.0	619.451105859	1
3.35875	935.0	18.0	1565.70621094	2.7775	1173.0	26.0	2182.66631211	2
3.22875	815.0	14.0	180.142235937	3.669375	936.0	19.0	338.563085938	2
3.48375	950.0	17.0	174.817374609	3.264375	929.0	16.0	159.330465234	2
2.768125	1016.0	19.0	243.3574	3.195	930.0	16.0	171.641855859	2
2.839375	880.0	14.0	8.5411109375	2.751875	882.0	14.0	8.68540585937	2
3.20875	709.0	14.0	29.2010484375	3.125	745.0	14.0	18.37574375	2
4.21401515152	1628.0	22.0	149.223943985	3.58617424242	1568.0	20.0	139.979392648	2
3.36079545455	838.0	30.0	376.484065621	4.16950757576	675.0	21.0	293.045209732	0
4.0303030303	876.0	31.0	361.616713118	3.36268939394	600.0	20.0	237.930482919	0
4.50378787879	741.0	30.0	1294.75532312	3.45833333333	466.0	17.0	1168.33509814	0
4.90435606061	1981.0	22.0	4.84323257432	4.13162878788	1947.0	22.0	5.66843147383	2
3.77746212121	1345.0	33.0	1124.6920833	3.96212121212	1382.0	31.0	1131.60225838	0
3.8428030303	954.0	29.0	394.99236685	4.43087121212	955.0	25.0	382.838519248	0
3.39488636364	961.0	30.0	1184.49414242	3.46117424242	724.0	21.0	1127.60235074	0
4.00293255132	1746.0	22.0	348.784039429	4.69110459433	1813.0	23.0	298.13833157	2
3.78592375367	1343.0	33.0	1562.70106801	3.91397849462	1940.0	49.0	1945.17055715	1
3.19648093842	766.0	22.0	706.699428301	4.75855327468	1050.0	35.0	1026.20964732	1
3.24926686217	723.0	19.0	603.079289728	4.3284457478	696.0	18.0	598.093574091	2
3.26799242424	1392.0	20.0	1173.98913854	3.06439393939	1408.0	22.0	1258.08897121	1
3.14109848485	1715.0	31.0	2995.84440642	3.75473484848	2298.0	47.0	3397.58462107	1
3.78503787879	1023.0	28.0	894.727096964	3.34848484848	1461.0	40.0	1141.47535637	2
3.28314393939	584.0	15.0	63.9071395776	3.75568181818	581.0	15.0	66.164084022	2
2.90705563094	1291.0	45.0	389.286997233	2.88907734057	923.0	29.0	251.41093702	0
2.94131614654	1578.0	54.0	314.478921846	2.75407055631	1066.0	35.0	165.495712545	0
2.94843962008	2186.0	71.0	466.51880446	2.86024423338	1369.0	44.0	253.968946474	0
3.2920624152	1953.0	64.0	387.787095154	3.04884667571	1644.0	55.0	321.17925855	2
2.91824966079	3262.0	81.0	1561.5018208	2.36940298507	1861.0	44.0	1233.8508756	0
3.02951153324	2702.0	55.0	2027.38587748	2.7170963365	1949.0	37.0	1740.05243522	2
3.2710312076	2296.0	59.0	998.158937987	3.0329036635	2532.0	64.0	991.335813992	2
2.79613297151	2823.0	54.0	2143.44757283	2.97184531886	3270.0	61.0	2369.94182968	2
2.66838842975	3256.0	80.0	2138.49972822	3.10296143251	1713.0	44.0	1696.42689373	0
2.82713498623	1933.0	48.0	1738.34715001	2.81921487603	1346.0	33.0	1539.94409345	0
2.84263085399	1838.0	55.0	1001.8604109	3.17975206612	1846.0	53.0	939.871272834	2
2.84917355372	2778.0	62.0	2254.49632121	2.63808539945	3128.0	64.0	2426.44326992	2
3.31987788331	993.0	42.0	236.717243045	3.16994572592	688.0	27.0	129.159384441	0
2.94810040706	1448.0	52.0	326.109462248	3.29511533243	988.0	33.0	186.24495691	0
2.71947082768	1971.0	68.0	423.317137024	2.83785617368	1274.0	41.0	246.433172157	0
3.08310719132	2056.0	67.0	457.222967898	2.91994572592	1642.0	54.0	357.881610857	0
0.690347222222	114.0	3.0	2145.62946111	0.693819444444	92.0	3.0	1870.95134644	0
0.666194751381	196.0	4.0	4304.64822752	0.73601519337	242.0	6.0	3275.55803756	0
0.672135416667	224.0	5.0	3664.13172568	0.697690972222	601.0	14.0	3492.72395108	1
0.706388888889	61.0	3.0	3197.49876137	0.7	297.0	11.0	3058.52919062	1
0.721443406023	318.0	4.0	198.264100248	0.729352717203	280.0	4.0	170.173812167	2
0.691812533347	233.0	4.0	391.669530306	0.712311319943	199.0	4.0	280.248022706	2
0.715385946694	355.0	6.0	5617.77932707	0.714122533749	293.0	5.0	4431.5252919	0
0.722274143302	298.0	4.0	8890.40836725	0.692454136379	290.0	5.0	9178.02363741	2
0.7209375	191.0	5.0	1617.39048584	0.710052083333	155.0	4.0	918.880471642	0
0.721270718232	162.0	4.0	1525.04514437	0.740711325967	121.0	3.0	825.526603706	0
0.722222222222	470.0	8.0	4316.87977048	0.678784722222	336.0	4.0	3184.42761653	0
0.726614583333	520.0	5.0	2826.10771575	0.724461805556	491.0	5.0	2297.86684803	0
0.697760416667	46.0	3.0	66.2046066733	0.71671875	34.0	2.0	39.4903449433	0
0.722686464088	44.0	3.0	59.7396702512	0.740262430939	26.0	2.0	24.2658132848	0
0.707430555556	210.0	4.0	2838.01849103	0.690868055556	179.0	3.0	2415.63927439	0
0.708125	478.0	5.0	2697.38420135	0.705017361111	446.0	4.0	2181.69776362	0
